exposicion,modelo,muestra,categoria,referencia,n,prevalencia_ajustada,diferencia_vs_ref,razon_vs_ref
educacion,M0_bruto,disponible,alto,alto,19500,0.20142793,0.00000000,1.00000000
educacion,M0_bruto,disponible,medio,alto,19500,0.24187786,0.04044993,1.20081591
educacion,M0_bruto,disponible,bajo,alto,19500,0.34586342,0.14443549,1.71705793
educacion,M0_bruto,comun_M0_M4,alto,alto,18640,0.20005026,0.00000000,1.00000000
educacion,M0_bruto,comun_M0_M4,medio,alto,18640,0.23588731,0.03583706,1.17914027
educacion,M0_bruto,comun_M0_M4,bajo,alto,18640,0.34294559,0.14289533,1.71429716
educacion,M1_edad_sexo,disponible,alto,alto,19500,0.21222082,0.00000000,1.00000000
educacion,M1_edad_sexo,disponible,medio,alto,19500,0.27439121,0.06217039,1.29295144
educacion,M1_edad_sexo,disponible,bajo,alto,19500,0.30955492,0.09733410,1.45864541
educacion,M1_edad_sexo,comun_M0_M4,alto,alto,18640,0.21057761,0.00000000,1.00000000
educacion,M1_edad_sexo,comun_M0_M4,medio,alto,18640,0.26899748,0.05841987,1.27742681
educacion,M1_edad_sexo,comun_M0_M4,bajo,alto,18640,0.30619833,0.09562072,1.45408780
educacion,M2_principal,disponible,alto,alto,19500,0.21318733,0.00000000,1.00000000
educacion,M2_principal,disponible,medio,alto,19500,0.27272352,0.05953619,1.27926701
educacion,M2_principal,disponible,bajo,alto,19500,0.31042833,0.09724100,1.45612936
educacion,M2_principal,comun_M0_M4,alto,alto,18640,0.21137704,0.00000000,1.00000000
educacion,M2_principal,comun_M0_M4,medio,alto,18640,0.26752680,0.05614975,1.26563789
educacion,M2_principal,comun_M0_M4,bajo,alto,18640,0.30704438,0.09566733,1.45259093
educacion,M3_actividad,disponible,alto,alto,19265,0.22784499,0.00000000,1.00000000
educacion,M3_actividad,disponible,medio,alto,19265,0.27288755,0.04504256,1.19768950
educacion,M3_actividad,disponible,bajo,alto,19265,0.29511290,0.06726791,1.29523543
educacion,M3_actividad,comun_M0_M4,alto,alto,18640,0.22740664,0.00000000,1.00000000
educacion,M3_actividad,comun_M0_M4,medio,alto,18640,0.26984787,0.04244123,1.18663143
educacion,M3_actividad,comun_M0_M4,bajo,alto,18640,0.29414568,0.06673904,1.29347885
educacion,M4_apoyo,disponible,alto,alto,18640,0.22537559,0.00000000,1.00000000
educacion,M4_apoyo,disponible,medio,alto,18640,0.26815197,0.04277638,1.18980043
educacion,M4_apoyo,disponible,bajo,alto,18640,0.29680710,0.07143151,1.31694432
educacion,M4_apoyo,comun_M0_M4,alto,alto,18640,0.22537559,0.00000000,1.00000000
educacion,M4_apoyo,comun_M0_M4,medio,alto,18640,0.26815197,0.04277638,1.18980043
educacion,M4_apoyo,comun_M0_M4,bajo,alto,18640,0.29680710,0.07143151,1.31694432
clase_social,M0_bruto,disponible,1,1,20226,0.19704659,0.00000000,1.00000000
clase_social,M0_bruto,disponible,2,1,20226,0.24410893,0.04706234,1.23883864
clase_social,M0_bruto,disponible,3,1,20226,0.27068055,0.07363396,1.37368807
clase_social,M0_bruto,disponible,4,1,20226,0.32106513,0.12401854,1.62938687
clase_social,M0_bruto,disponible,5,1,20226,0.31368752,0.11664093,1.59194595
clase_social,M0_bruto,disponible,6,1,20226,0.34447852,0.14743193,1.74820845
clase_social,M0_bruto,comun_M0_M4,1,1,19360,0.19654816,0.00000000,1.00000000
clase_social,M0_bruto,comun_M0_M4,2,1,19360,0.23629730,0.03974914,1.20223613
clase_social,M0_bruto,comun_M0_M4,3,1,19360,0.26703391,0.07048575,1.35861819
clase_social,M0_bruto,comun_M0_M4,4,1,19360,0.31553663,0.11898847,1.60539090
clase_social,M0_bruto,comun_M0_M4,5,1,19360,0.31136966,0.11482150,1.58419013
clase_social,M0_bruto,comun_M0_M4,6,1,19360,0.34252428,0.14597612,1.74269901
clase_social,M1_edad_sexo,disponible,1,1,20226,0.21253638,0.00000000,1.00000000
clase_social,M1_edad_sexo,disponible,2,1,20226,0.25247062,0.03993424,1.18789366
clase_social,M1_edad_sexo,disponible,3,1,20226,0.26895981,0.05642343,1.26547659
clase_social,M1_edad_sexo,disponible,4,1,20226,0.30789080,0.09535442,1.44864990
clase_social,M1_edad_sexo,disponible,5,1,20226,0.31493251,0.10239614,1.48178169
clase_social,M1_edad_sexo,disponible,6,1,20226,0.33396550,0.12142913,1.57133338
clase_social,M1_edad_sexo,comun_M0_M4,1,1,19360,0.21192718,0.00000000,1.00000000
clase_social,M1_edad_sexo,comun_M0_M4,2,1,19360,0.24504035,0.03311317,1.15624788
clase_social,M1_edad_sexo,comun_M0_M4,3,1,19360,0.26514924,0.05322205,1.25113368
clase_social,M1_edad_sexo,comun_M0_M4,4,1,19360,0.30209353,0.09016635,1.42545912
clase_social,M1_edad_sexo,comun_M0_M4,5,1,19360,0.31308375,0.10115657,1.47731759
clase_social,M1_edad_sexo,comun_M0_M4,6,1,19360,0.33125494,0.11932776,1.56306019
clase_social,M2_principal,disponible,1,1,20226,0.21547686,0.00000000,1.00000000
clase_social,M2_principal,disponible,2,1,20226,0.24906092,0.03358407,1.15585928
clase_social,M2_principal,disponible,3,1,20226,0.27020552,0.05472867,1.25398860
clase_social,M2_principal,disponible,4,1,20226,0.30591827,0.09044141,1.41972680
clase_social,M2_principal,disponible,5,1,20226,0.31293108,0.09745422,1.45227234
clase_social,M2_principal,disponible,6,1,20226,0.33742788,0.12195102,1.56595879
clase_social,M2_principal,comun_M0_M4,1,1,19360,0.21470460,0.00000000,1.00000000
clase_social,M2_principal,comun_M0_M4,2,1,19360,0.24133320,0.02662860,1.12402436
clase_social,M2_principal,comun_M0_M4,3,1,19360,0.26634995,0.05164535,1.24054143
clase_social,M2_principal,comun_M0_M4,4,1,19360,0.29974399,0.08503939,1.39607624
clase_social,M2_principal,comun_M0_M4,5,1,19360,0.31149028,0.09678568,1.45078530
clase_social,M2_principal,comun_M0_M4,6,1,19360,0.33451111,0.11980650,1.55800622
clase_social,M3_actividad,disponible,1,1,19992,0.23241259,0.00000000,1.00000000
clase_social,M3_actividad,disponible,2,1,19992,0.25439048,0.02197789,1.09456410
clase_social,M3_actividad,disponible,3,1,19992,0.27601406,0.04360147,1.18760374
clase_social,M3_actividad,disponible,4,1,19992,0.30086418,0.06845159,1.29452617
clase_social,M3_actividad,disponible,5,1,19992,0.30167933,0.06926673,1.29803348
clase_social,M3_actividad,disponible,6,1,19992,0.31767462,0.08526203,1.36685632
clase_social,M3_actividad,comun_M0_M4,1,1,19360,0.23075797,0.00000000,1.00000000
clase_social,M3_actividad,comun_M0_M4,2,1,19360,0.25279963,0.02204166,1.09551851
clase_social,M3_actividad,comun_M0_M4,3,1,19360,0.27526885,0.04451087,1.19288985
clase_social,M3_actividad,comun_M0_M4,4,1,19360,0.29821448,0.06745650,1.29232577
clase_social,M3_actividad,comun_M0_M4,5,1,19360,0.30203594,0.07127796,1.30888623
clase_social,M3_actividad,comun_M0_M4,6,1,19360,0.31759477,0.08683680,1.37631114
clase_social,M4_apoyo,disponible,1,1,19360,0.22938245,0.00000000,1.00000000
clase_social,M4_apoyo,disponible,2,1,19360,0.24908858,0.01970613,1.08590949
clase_social,M4_apoyo,disponible,3,1,19360,0.27322880,0.04384635,1.19114952
clase_social,M4_apoyo,disponible,4,1,19360,0.30033113,0.07094868,1.30930299
clase_social,M4_apoyo,disponible,5,1,19360,0.30364786,0.07426541,1.32376238
clase_social,M4_apoyo,disponible,6,1,19360,0.31859954,0.08921709,1.38894469
clase_social,M4_apoyo,comun_M0_M4,1,1,19360,0.22938245,0.00000000,1.00000000
clase_social,M4_apoyo,comun_M0_M4,2,1,19360,0.24908858,0.01970613,1.08590949
clase_social,M4_apoyo,comun_M0_M4,3,1,19360,0.27322880,0.04384635,1.19114952
clase_social,M4_apoyo,comun_M0_M4,4,1,19360,0.30033113,0.07094868,1.30930299
clase_social,M4_apoyo,comun_M0_M4,5,1,19360,0.30364786,0.07426541,1.32376238
clase_social,M4_apoyo,comun_M0_M4,6,1,19360,0.31859954,0.08921709,1.38894469
ingresos,M0_bruto,disponible,5,5,20030,0.22981532,0.00000000,1.00000000
ingresos,M0_bruto,disponible,4,5,20030,0.30229624,0.07248093,1.31538770
ingresos,M0_bruto,disponible,3,5,20030,0.33788764,0.10807232,1.47025726
ingresos,M0_bruto,disponible,2,5,20030,0.31473673,0.08492141,1.36952024
ingresos,M0_bruto,disponible,1,5,20030,0.34921234,0.11939702,1.51953464
ingresos,M0_bruto,comun_M0_M4,5,5,19165,0.22798678,0.00000000,1.00000000
ingresos,M0_bruto,comun_M0_M4,4,5,19165,0.29760654,0.06961976,1.30536752
ingresos,M0_bruto,comun_M0_M4,3,5,19165,0.33587118,0.10788439,1.47320460
ingresos,M0_bruto,comun_M0_M4,2,5,19165,0.31251725,0.08453047,1.37076916
ingresos,M0_bruto,comun_M0_M4,1,5,19165,0.34212035,0.11413356,1.50061483
ingresos,M1_edad_sexo,disponible,5,5,20030,0.24866962,0.00000000,1.00000000
ingresos,M1_edad_sexo,disponible,4,5,20030,0.30497553,0.05630591,1.22642859
ingresos,M1_edad_sexo,disponible,3,5,20030,0.31835968,0.06969006,1.28025162
ingresos,M1_edad_sexo,disponible,2,5,20030,0.29668258,0.04801296,1.19307933
ingresos,M1_edad_sexo,disponible,1,5,20030,0.33748521,0.08881560,1.35716304
ingresos,M1_edad_sexo,comun_M0_M4,5,5,19165,0.24674504,0.00000000,1.00000000
ingresos,M1_edad_sexo,comun_M0_M4,4,5,19165,0.30127972,0.05453467,1.22101629
ingresos,M1_edad_sexo,comun_M0_M4,3,5,19165,0.31536266,0.06861762,1.27809119
ingresos,M1_edad_sexo,comun_M0_M4,2,5,19165,0.29398706,0.04724201,1.19146084
ingresos,M1_edad_sexo,comun_M0_M4,1,5,19165,0.33004939,0.08330435,1.33761306
ingresos,M2_principal,disponible,5,5,20030,0.24711967,0.00000000,1.00000000
ingresos,M2_principal,disponible,4,5,20030,0.30217135,0.05505167,1.22277334
ingresos,M2_principal,disponible,3,5,20030,0.32087014,0.07375047,1.29844031
ingresos,M2_principal,disponible,2,5,20030,0.29949239,0.05237272,1.21193262
ingresos,M2_principal,disponible,1,5,20030,0.34297520,0.09585553,1.38789111
ingresos,M2_principal,comun_M0_M4,5,5,19165,0.24561064,0.00000000,1.00000000
ingresos,M2_principal,comun_M0_M4,4,5,19165,0.29845743,0.05284679,1.21516492
ingresos,M2_principal,comun_M0_M4,3,5,19165,0.31804713,0.07243649,1.29492407
ingresos,M2_principal,comun_M0_M4,2,5,19165,0.29590308,0.05029244,1.20476491
ingresos,M2_principal,comun_M0_M4,1,5,19165,0.33512716,0.08951652,1.36446515
ingresos,M3_actividad,disponible,5,5,19778,0.25488679,0.00000000,1.00000000
ingresos,M3_actividad,disponible,4,5,19778,0.29945645,0.04456967,1.17486064
ingresos,M3_actividad,disponible,3,5,19778,0.31210088,0.05721409,1.22446863
ingresos,M3_actividad,disponible,2,5,19778,0.28929606,0.03440927,1.13499826
ingresos,M3_actividad,disponible,1,5,19778,0.32854307,0.07365628,1.28897644
ingresos,M3_actividad,comun_M0_M4,5,5,19165,0.25559471,0.00000000,1.00000000
ingresos,M3_actividad,comun_M0_M4,4,5,19165,0.29886577,0.04327106,1.16929559
ingresos,M3_actividad,comun_M0_M4,3,5,19165,0.31161214,0.05601744,1.21916509
ingresos,M3_actividad,comun_M0_M4,2,5,19165,0.28755175,0.03195705,1.12503015
ingresos,M3_actividad,comun_M0_M4,1,5,19165,0.32430126,0.06870655,1.26881052
ingresos,M4_apoyo,disponible,5,5,19165,0.25959898,0.00000000,1.00000000
ingresos,M4_apoyo,disponible,4,5,19165,0.30037710,0.04077812,1.15708121
ingresos,M4_apoyo,disponible,3,5,19165,0.30999945,0.05040047,1.19414743
ingresos,M4_apoyo,disponible,2,5,19165,0.28346602,0.02386704,1.09193813
ingresos,M4_apoyo,disponible,1,5,19165,0.31698693,0.05738795,1.22106386
ingresos,M4_apoyo,comun_M0_M4,5,5,19165,0.25959898,0.00000000,1.00000000
ingresos,M4_apoyo,comun_M0_M4,4,5,19165,0.30037710,0.04077812,1.15708121
ingresos,M4_apoyo,comun_M0_M4,3,5,19165,0.30999945,0.05040047,1.19414743
ingresos,M4_apoyo,comun_M0_M4,2,5,19165,0.28346602,0.02386704,1.09193813
ingresos,M4_apoyo,comun_M0_M4,1,5,19165,0.31698693,0.05738795,1.22106386
